CODIGO_IES,NOMBRE_IES,TIPO_FINAN,TIPO,BASE,X,Y,DPA_PARROQ,DPA_DESPAR,DPA_CANTON,DPA_DESCAN,DPA_PROVIN,DPA_DESPRO,DPA_ANIO,txt,fcode,DPA_CAB,DA_DIST,DA_ZONA,Longitud,Latitud
1001.000000,ESCUELA POLITECNICA NACIONAL,PUBLICA,Matriz,Universidades y Escuelas Politécnicas,779316.388070,9976504.935820,"170123",MARISCAL SUCRE,"1701",DISTRITO METROPOLITANO DE QUITO,"17",PICHINCHA,"2023",PARROQUIA URBANA,HA004,"170150","17D05",9.000000,-78.49064500000,-0.21236200004
1002.000000,ESCUELA SUPERIOR POLITECNICA DE CHIMBORAZO,PUBLICA,Matriz,Universidades y Escuelas Politécnicas,758329.269073,9816663.830330,"060101",LIZARZABURU,"0601",RIOBAMBA,"06",CHIMBORAZO,"2023",PARROQUIA URBANA,HA004,"060150","06D01",3.000000,-78.67813400000,-1.65732500001
1003.000000,ESCUELA SUPERIOR POLITECNICA AGROPECUARIA DE MANABI,PUBLICA,Matriz,Universidades y Escuelas Politécnicas,590553.165185,9908638.681520,"131552",ÁNGEL PEDRO GILER,"1315",TOSAGUA,"13",MANABÍ,"2023",PARROQUIA RURAL,HA004,,"13D12",4.000000,-80.18616500000,-0.82649000004
1005.000000,UNIVERSIDAD CENTRAL DEL ECUADOR,PUBLICA,Matriz,Universidades y Escuelas Politécnicas,778045.283454,9977781.880070,"170101",BELISARIO QUEVEDO,"1701",DISTRITO METROPOLITANO DE QUITO,"17",PICHINCHA,"2023",PARROQUIA URBANA,HA004,"170150","17D05",9.000000,-78.50205900000,-0.20082200004
1006.000000,UNIVERSIDAD DE GUAYAQUIL,PUBLICA,Matriz,Universidades y Escuelas Politécnicas,622468.617885,9758885.902550,"090112",TARQUI,"0901",GUAYAQUIL,"09",GUAYAS,"2023",PARROQUIA URBANA,HA004,"090150","09D05",8.000000,-79.89868100000,-2.18101899996
1007.000000,UNIVERSIDAD DE CUENCA,PUBLICA,Matriz,Universidades y Escuelas Politécnicas,721162.494430,9679163.806400,"010112",SUCRE,"0101",CUENCA,"01",AZUAY,"2023",PARROQUIA URBANA,HA004,"010150","01D02",6.000000,-79.01033600000,-2.90092200004
1008.000000,UNIVERSIDAD NACIONAL DE LOJA,PUBLICA,Matriz,Universidades y Escuelas Politécnicas,699453.426744,9553750.267450,"110106",PUNZARA,"1101",LOJA,"11",LOJA,"2023",PARROQUIA URBANA,HA004,"110150","11D01",7.000000,-79.20343100000,-4.03530299999
1009.000000,UNIVERSIDAD TECNICA DE MANABI,PUBLICA,Matriz,Universidades y Escuelas Politécnicas,560618.375661,9884356.305530,"130102",12 DE MARZO,"1301",PORTOVIEJO,"13",MANABÍ,"2023",PARROQUIA URBANA,HA004,"130150","13D01",4.000000,-80.45515600000,-1.04621600002
1010.000000,UNIVERSIDAD TECNICA DE AMBATO,PUBLICA,Matriz,Universidades y Escuelas Politécnicas,764182.973273,9859579.923330,"180102",CELIANO MONGE,"1801",AMBATO,"18",TUNGURAHUA,"2023",PARROQUIA URBANA,HA004,"180150","18D02",3.000000,-78.62595900000,-1.26932500000
1011.000000,UNIVERSIDAD TECNICA DE MACHALA,PUBLICA,Matriz,Universidades y Escuelas Politécnicas,616367.813829,9639129.076440,"070101",LA PROVIDENCIA,"0701",MACHALA,"07",EL ORO,"2023",PARROQUIA URBANA,HA004,"070150","07D02",7.000000,-79.95260200000,-3.26432900000
1012.000000,UNIVERSIDAD TECNICA LUIS VARGAS TORRES DE ESMERALDAS,PUBLICA,Matriz,Universidades y Escuelas Politécnicas,648400.052442,10107675.340400,"080150",ESMERALDAS,"0801",ESMERALDAS,"08",ESMERALDAS,"2023",CABECERA CANTONAL,HA004,"080150","08D01",1.000000,-79.66629600000,0.97390599993
1013.000000,UNIVERSIDAD TECNICA DE BABAHOYO,PUBLICA,Matriz,Universidades y Escuelas Politécnicas,665588.876479,9800820.560070,"120101",CLEMENTE BAQUERIZO,"1201",BABAHOYO,"12",LOS RÍOS,"2023",PARROQUIA URBANA,HA004,"120150","12D01",5.000000,-79.51133200000,-1.80142099997
1014.000000,UNIVERSIDAD TECNICA ESTATAL DE QUEVEDO,PUBLICA,Matriz,Universidades y Escuelas Politécnicas,670298.614676,9888023.576280,"120508",24 DE MAYO,"1205",QUEVEDO,"12",LOS RÍOS,"2023",PARROQUIA URBANA,HA004,"120550","12D03",5.000000,-79.46951500000,-1.01272099998
1015.000000,UNIVERSIDAD TECNICA DEL NORTE,PUBLICA,Matriz,Universidades y Escuelas Politécnicas,821543.399652,10039635.598300,"100103",SAGRARIO,"1001",IBARRA,"10",IMBABURA,"2023",PARROQUIA URBANA,HA004,"100150","10D01",1.000000,-78.11154700000,0.35813700011
1016.000000,UNIVERSIDAD LAICA ELOY ALFARO DE MANABI,PUBLICA,Matriz,Universidades y Escuelas Politécnicas,528200.847526,9894500.033960,"130802",MANTA,"1308",MANTA,"13",MANABÍ,"2023",PARROQUIA URBANA,HA004,"130850","13D02",4.000000,-80.74653200000,-0.95448100000
1017.000000,UNIVERSIDAD ESTATAL DE BOLIVAR,PUBLICA,Matriz,Universidades y Escuelas Politécnicas,721701.308259,9826238.523720,"020103",GUANUJO,"0201",GUARANDA,"02",BOLÍVAR,"2023",PARROQUIA URBANA,HA004,"020150","02D01",5.000000,-79.00728600000,-1.57111399998
1018.000000,UNIVERSIDAD AGRARIA DEL ECUADOR,PUBLICA,Matriz,Universidades y Escuelas Politécnicas,622940.991102,9752366.169720,"090114",XIMENA,"0901",GUAYAQUIL,"09",GUAYAS,"2023",PARROQUIA URBANA,HA004,"090150","09D01",8.000000,-79.89439000000,-2.23999000001
1019.000000,UNIVERSIDAD NACIONAL DE CHIMBORAZO,PUBLICA,Matriz,Universidades y Escuelas Politécnicas,762298.822104,9817248.882630,"060103",VELASCO,"0601",RIOBAMBA,"06",CHIMBORAZO,"2023",PARROQUIA URBANA,HA004,"060150","06D01",3.000000,-78.64248200000,-1.65199400004
1020.000000,UNIVERSIDAD TECNICA DE COTOPAXI,PUBLICA,Matriz,Universidades y Escuelas Politécnicas,763442.811423,9898453.848780,"050101",ELOY ALFARO  (SAN FELIPE),"0501",LATACUNGA,"05",COTOPAXI,"2023",PARROQUIA URBANA,HA004,"050150","05D01",3.000000,-78.63288200000,-0.91793000000
1021.000000,ESCUELA SUPERIOR POLITECNICA DEL LITORAL,PUBLICA,Matriz,Universidades y Escuelas Politécnicas,615152.309974,9762528.515540,"090150",GUAYAQUIL,"0901",GUAYAQUIL,"09",GUAYAS,"2023",CABECERA CANTONAL,HA004,"090150","09D10",8.000000,-79.96448900000,-2.14811600004
1022.000000,UNIVERSIDAD ANDINA SIMON BOLIVAR,PUBLICA,Matriz,Universidades y Escuelas Politécnicas,779629.501555,9976622.713450,"170123",MARISCAL SUCRE,"1701",DISTRITO METROPOLITANO DE QUITO,"17",PICHINCHA,"2023",PARROQUIA URBANA,HA004,"170150","17D05",9.000000,-78.48783400000,-0.21129700004
1023.000000,UNIVERSIDAD ESTATAL PENINSULA DE SANTA ELENA,PUBLICA,Matriz,Universidades y Escuelas Politécnicas,513576.544458,9753162.261470,"240250",LA LIBERTAD,"2402",LA LIBERTAD,"24",SANTA ELENA,"2023",CABECERA CANTONAL,HA004,,"24D02",5.000000,-80.87789900000,-2.23320200000
1024.000000,UNIVERSIDAD ESTATAL DE MILAGRO,PUBLICA,Matriz,Universidades y Escuelas Politécnicas,655351.924107,9762224.978460,"091004",CORONEL ENRIQUE VALDEZ,"0910",MILAGRO,"09",GUAYAS,"2023",PARROQUIA URBANA,HA004,"091050","09D17",5.000000,-79.60305300000,-2.15057200003
1025.000000,UNIVERSIDAD ESTATAL DEL SUR DE MANABI,PUBLICA,Matriz,Universidades y Escuelas Politécnicas,548489.525507,9850826.018170,"130601",DOCTOR MIGUEL MORÁN LUCIO,"1306",JIPIJAPA,"13",MANABÍ,"2023",PARROQUIA URBANA,HA004,"130650","13D03",4.000000,-80.56412100000,-1.34958200004
1026.000000,FACULTAD LATINOAMERICANA DE CIENCIAS SOCIALES,PUBLICA,Matriz,Universidades y Escuelas Politécnicas,779876.029871,9978304.471070,"170112",IÑAQUITO,"1701",DISTRITO METROPOLITANO DE QUITO,"17",PICHINCHA,"2023",PARROQUIA URBANA,HA004,"170150","17D05",9.000000,-78.48562300000,-0.19609600001
1027.000000,PONTIFICIA UNIVERSIDAD CATOLICA DEL ECUADOR,PARTICULAR COFINANCIADA,Matriz,Universidades y Escuelas Politécnicas,779187.237203,9976826.688520,"170123",MARISCAL SUCRE,"1701",DISTRITO METROPOLITANO DE QUITO,"17",PICHINCHA,"2023",PARROQUIA URBANA,HA004,"170150","17D05",9.000000,-78.49180500000,-0.20945400001
1028.000000,UNIVERSIDAD CATOLICA DE SANTIAGO DE GUAYAQUIL,PARTICULAR COFINANCIADA,Matriz,Universidades y Escuelas Politécnicas,621881.901254,9758810.381530,"090112",TARQUI,"0901",GUAYAQUIL,"09",GUAYAS,"2023",PARROQUIA URBANA,HA004,"090150","09D06",8.000000,-79.90395600000,-2.18170599997
1029.000000,UNIVERSIDAD CATOLICA DE CUENCA,PARTICULAR COFINANCIADA,Matriz,Universidades y Escuelas Politécnicas,721643.773877,9681000.251350,"010101",BELLAVISTA,"0101",CUENCA,"01",AZUAY,"2023",PARROQUIA URBANA,HA004,"010150","01D01",6.000000,-79.00603700000,-2.88430999999
1030.000000,UNIVERSIDAD LAICA VICENTE ROCAFUERTE DE GUAYAQUIL,PARTICULAR COFINANCIADA,Matriz,Universidades y Escuelas Politécnicas,623388.245139,9759468.944520,"090112",TARQUI,"0901",GUAYAQUIL,"09",GUAYAS,"2023",PARROQUIA URBANA,HA004,"090150","09D05",8.000000,-79.89041600000,-2.17573899997
1031.000000,UNIVERSIDAD TECNICA PARTICULAR DE LOJA,PARTICULAR COFINANCIADA,Matriz,Universidades y Escuelas Politécnicas,699919.616881,9559092.857410,"110104",VALLE,"1101",LOJA,"11",LOJA,"2023",PARROQUIA URBANA,HA004,"110150","11D01",7.000000,-79.19933900000,-3.98698399999
1032.000000,UNIVERSIDAD UTE,PARTICULAR COFINANCIADA,Matriz,Universidades y Escuelas Politécnicas,779034.064513,9979637.105220,"170127",RUMIPAMBA,"1701",DISTRITO METROPOLITANO DE QUITO,"17",PICHINCHA,"2023",PARROQUIA URBANA,HA004,"170150","17D05",9.000000,-78.49318400000,-0.18405199999
1033.000000,UNIVERSIDAD DEL AZUAY,PARTICULAR COFINANCIADA,Matriz,Universidades y Escuelas Politécnicas,722217.347992,9677155.540480,"010107",HUAYNACÁPAC,"0101",CUENCA,"01",AZUAY,"2023",PARROQUIA URBANA,HA004,"010150","01D02",6.000000,-79.00081800000,-2.91906299997
1034.000000,UNIVERSIDAD POLITECNICA SALESIANA,PARTICULAR COFINANCIADA,Matriz,Universidades y Escuelas Politécnicas,723509.575578,9680704.206940,"010105",EL VECINO,"0101",CUENCA,"01",AZUAY,"2023",PARROQUIA URBANA,HA004,"010150","01D01",6.000000,-78.98925400000,-2.88695699998
1036.000000,UNIVERSIDAD PARTICULAR INTERNACIONAL SEK,PARTICULAR AUTOFINANCIADA,Matriz,Universidades y Escuelas Politécnicas,780048.392960,9989929.008220,"170102",CARCELÉN,"1701",DISTRITO METROPOLITANO DE QUITO,"17",PICHINCHA,"2023",PARROQUIA URBANA,HA004,"170150","17D03",9.000000,-78.48408700000,-0.09102700000
1037.000000,UNIVERSIDAD PARTICULAR DE ESPECIALIDADES ESPIRITU SANTO,PARTICULAR AUTOFINANCIADA,Matriz,Universidades y Escuelas Politécnicas,626191.556148,9764223.974400,"091602",LA PUNTILLA (SATÉLITE),"0916",SAMBORONDÓN,"09",GUAYAS,"2023",PARROQUIA URBANA,HA004,"091650","09D23",8.000000,-79.86524200000,-2.13270900004
1038.000000,UNIVERSIDAD SAN FRANCISCO DE QUITO,PARTICULAR AUTOFINANCIADA,Matriz,Universidades y Escuelas Politécnicas,785345.098787,9978198.199700,"170157",CUMBAYÁ,"1701",DISTRITO METROPOLITANO DE QUITO,"17",PICHINCHA,"2023",PARROQUIA RURAL,HA004,,"17D09",9.000000,-78.43652200000,-0.19704899999
1040.000000,UNIVERSIDAD DE LAS AMERICAS,PARTICULAR AUTOFINANCIADA,Matriz,Universidades y Escuelas Politécnicas,781286.458821,9981397.264990,"170114",JIPIJAPA,"1701",DISTRITO METROPOLITANO DE QUITO,"17",PICHINCHA,"2023",PARROQUIA URBANA,HA004,"170150","17D05",9.000000,-78.47296400000,-0.16814000001
1041.000000,UNIVERSIDAD INTERNACIONAL DEL ECUADOR,PARTICULAR AUTOFINANCIADA,Matriz,Universidades y Escuelas Politécnicas,781484.593026,9972894.668130,"170125",PUENGASÍ,"1701",DISTRITO METROPOLITANO DE QUITO,"17",PICHINCHA,"2023",PARROQUIA URBANA,HA004,"170150","17D04",9.000000,-78.47117300000,-0.24499000000
1042.000000,UNIVERSIDAD REGIONAL AUTONOMA DE LOS ANDES,PARTICULAR AUTOFINANCIADA,Matriz,Universidades y Escuelas Politécnicas,766856.045235,9856623.242150,"180166",TOTORAS,"1801",AMBATO,"18",TUNGURAHUA,"2023",PARROQUIA RURAL,HA004,,"18D02",3.000000,-78.60192700000,-1.29602900000
1044.000000,UNIVERSIDAD DEL PACIFICO ESCUELA DE NEGOCIOS,PARTICULAR AUTOFINANCIADA,Matriz,Universidades y Escuelas Politécnicas,617043.643518,9758678.411140,"090112",TARQUI,"0901",GUAYAQUIL,"09",GUAYAS,"2023",PARROQUIA URBANA,HA004,"090150","09D09",8.000000,-79.94745900000,-2.18293100002
1045.000000,UNIVERSIDAD TECNOLOGICA INDOAMERICA,PARTICULAR AUTOFINANCIADA,Matriz,Universidades y Escuelas Politécnicas,762691.972389,9859579.961300,"180103",HUACHI CHICO,"1801",AMBATO,"18",TUNGURAHUA,"2023",PARROQUIA URBANA,HA004,"180150","18D02",3.000000,-78.63935000000,-1.26933700004
1049.000000,UNIVERSIDAD CASA GRANDE,PARTICULAR AUTOFINANCIADA,Matriz,Universidades y Escuelas Politécnicas,620353.144891,9760370.153570,"090112",TARQUI,"0901",GUAYAQUIL,"09",GUAYAS,"2023",PARROQUIA URBANA,HA004,"090150","09D06",8.000000,-79.91771200000,-2.16760700003
1050.000000,UNIVERSIDAD TECNOLOGICA EMPRESARIAL DE GUAYAQUIL,PARTICULAR AUTOFINANCIADA,Matriz,Universidades y Escuelas Politécnicas,621531.695308,9760516.009670,"090112",TARQUI,"0901",GUAYAQUIL,"09",GUAYAS,"2023",PARROQUIA URBANA,HA004,"090150","09D05",8.000000,-79.90711600000,-2.16628000000
1051.000000,UNIVERSIDAD TECNOLOGICA ISRAEL,PARTICULAR AUTOFINANCIADA,Matriz,Universidades y Escuelas Politécnicas,779133.760068,9978169.826950,"170123",MARISCAL SUCRE,"1701",DISTRITO METROPOLITANO DE QUITO,"17",PICHINCHA,"2023",PARROQUIA URBANA,HA004,"170150","17D05",9.000000,-78.49228700000,-0.19731399999
1053.000000,UNIVERSIDAD DE ESPECIALIDADES TURISTICAS,PARTICULAR AUTOFINANCIADA,Matriz,Universidades y Escuelas Politécnicas,778028.968335,9987625.599180,"170106",COTOCOLLAO,"1701",DISTRITO METROPOLITANO DE QUITO,"17",PICHINCHA,"2023",PARROQUIA URBANA,HA004,"170150","17D03",9.000000,-78.50221600000,-0.11184800001
1056.000000,UNIVERSIDAD METROPOLITANA,PARTICULAR AUTOFINANCIADA,Matriz,Universidades y Escuelas Politécnicas,622992.145910,9762442.541070,"090112",TARQUI,"0901",GUAYAQUIL,"09",GUAYAS,"2023",PARROQUIA URBANA,HA004,"090150","09D05",8.000000,-79.89399700000,-2.14884399996
1057.000000,INSTITUTO DE ALTOS ESTUDIOS NACIONALES,PUBLICA,Matriz,Universidades y Escuelas Politécnicas,779512.569270,9976738.901240,"170123",MARISCAL SUCRE,"1701",DISTRITO METROPOLITANO DE QUITO,"17",PICHINCHA,"2023",PARROQUIA URBANA,HA004,"170150","17D05",9.000000,-78.48888400000,-0.21024699999
1058.000000,UNIVERSIDAD ESTATAL AMAZONICA,PUBLICA,Matriz,Universidades y Escuelas Politécnicas,834316.570836,9837410.819670,"160150",PUYO,"1601",PASTAZA,"16",PASTAZA,"2023",CABECERA CANTONAL,HA004,,"16D01",3.000000,-77.99598500000,-1.46895800003
1059.000000,UNIVERSIDAD DE OTAVALO,PARTICULAR AUTOFINANCIADA,Matriz,Universidades y Escuelas Politécnicas,805078.840204,10026170.935000,"100401",JORDÁN,"1004",OTAVALO,"10",IMBABURA,"2023",PARROQUIA URBANA,HA004,"100450","10D02",1.000000,-78.25936300000,0.23650400006
1060.000000,UNIVERSIDAD PARTICULAR SAN GREGORIO DE PORTOVIEJO,PARTICULAR AUTOFINANCIADA,Matriz,Universidades y Escuelas Politécnicas,559100.231747,9882511.070060,"130106",ANDRÉS DE VERA,"1301",PORTOVIEJO,"13",MANABÍ,"2023",PARROQUIA URBANA,HA004,"130150","13D01",4.000000,-80.46879800000,-1.06291199999
1068.000000,UNIVERSIDAD INTERCULTURAL DE LAS NACIONALIDADES Y PUEBLOS INDIGENAS AMAWTAY WASI,PUBLICA,Matriz,Universidades y Escuelas Politécnicas,779435.092795,9977734.093140,"170123",MARISCAL SUCRE,"1701",DISTRITO METROPOLITANO DE QUITO,"17",PICHINCHA,"2023",PARROQUIA URBANA,HA004,"170150","17D05",9.000000,-78.48958100000,-0.20125200000
1070.000000,UNIVERSIDAD DE LOS HEMISFERIOS,PARTICULAR AUTOFINANCIADA,Matriz,Universidades y Escuelas Politécnicas,777789.829090,9980480.213200,"170127",RUMIPAMBA,"1701",DISTRITO METROPOLITANO DE QUITO,"17",PICHINCHA,"2023",PARROQUIA URBANA,HA004,"170150","17D05",9.000000,-78.50435600000,-0.17643300003
1073.000000,UNIVERSIDAD IBEROAMERICANA DEL ECUADOR,PARTICULAR AUTOFINANCIADA,Matriz,Universidades y Escuelas Politécnicas,779435.092795,9977734.093140,"170123",MARISCAL SUCRE,"1701",DISTRITO METROPOLITANO DE QUITO,"17",PICHINCHA,"2023",PARROQUIA URBANA,HA004,"170150","17D05",9.000000,-78.48958100000,-0.20125200000
1074.000000,UNIVERSIDAD POLITECNICA ESTATAL DEL CARCHI,PUBLICA,Matriz,Universidades y Escuelas Politécnicas,863578.143530,10089108.942200,"040102",TULCÁN,"0401",TULCÁN,"04",CARCHI,"2023",PARROQUIA URBANA,HA004,"040150","04D01",1.000000,-77.73407600000,0.80487799989
1077.000000,UNIVERSIDAD TECNOLOGICA ECOTEC,PARTICULAR AUTOFINANCIADA,Matriz,Universidades y Escuelas Politécnicas,627133.640260,9774547.000180,"091601",SAMBORONDÓN,"0916",SAMBORONDÓN,"09",GUAYAS,"2023",PARROQUIA URBANA,HA004,"091650","09D23",8.000000,-79.85683900000,-2.03932699998
1079.000000,UNIVERSIDAD DE LAS FUERZAS ARMADAS ESPE,PUBLICA,Matriz,Universidades y Escuelas Politécnicas,784414.198940,9965126.684200,"170501",SANGOLQUÍ,"1705",RUMIÑAHUI,"17",PICHINCHA,"2023",PARROQUIA URBANA,HA004,"170550","17D11",2.000000,-78.44485600000,-0.31519400002
1080.000000,UNIVERSIDAD REGIONAL AMAZONICA IKIAM,PUBLICA,Matriz,Universidades y Escuelas Politécnicas,849232.339955,9894812.805780,"150158",SAN JUAN DE MUYUNA,"1501",TENA,"15",NAPO,"2023",PARROQUIA RURAL,HA004,,"15D01",2.000000,-77.86268700000,-0.95022499999
1081.000000,UNIVERSIDAD DE INVESTIGACION DE TECNOLOGIA EXPERIMENTAL YACHAY,PUBLICA,Matriz,Universidades y Escuelas Politécnicas,814398.190228,10044765.147000,"100650",URCUQUÍ,"1006",SAN MIGUEL DE URCUQUÍ,"10",IMBABURA,"2023",CABECERA CANTONAL,HA004,,"10D01",1.000000,-78.17566500000,0.40450899997
1082.000000,UNIVERSIDAD DE LAS ARTES,PUBLICA,Matriz,Universidades y Escuelas Politécnicas,624470.391851,9757393.067430,"090110",ROCAFUERTE,"0901",GUAYAQUIL,"09",GUAYAS,"2023",PARROQUIA URBANA,HA004,"090150","09D03",8.000000,-79.88067200000,-2.19450900003
1083.000000,UNIVERSIDAD NACIONAL DE EDUCACION UNAE,PUBLICA,Matriz,Universidades y Escuelas Politécnicas,736690.301596,9689828.958390,"030154",JAVIER LOYOLA,"0301",AZOGUES,"03",CAÑAR,"2023",PARROQUIA RURAL,HA004,,"03D01",6.000000,-78.87088200000,-2.80424500002
3013.000000,UNIVERSIDAD DEL RIO,PUBLICA,Matriz,Universidades y Escuelas Politécnicas,619581.425995,9760693.512830,"090112",TARQUI,"0901",GUAYAQUIL,"09",GUAYAS,"2023",PARROQUIA URBANA,HA004,"090150","09D06",8.000000,-79.92465300000,-2.16468700000
3027.000000,UNIVERSIDAD BOLIVARIANA DEL ECUADOR,PUBLICA,Matriz,Universidades y Escuelas Politécnicas,632336.069732,9758925.820980,"090750",ELOY ALFARO,"0907",DURÁN,"09",GUAYAS,"2023",CABECERA CANTONAL,HA004,"090750","09D24",8.000000,-79.80995900000,-2.18058999996
3068.000000,UNIVERSIDAD DE SEGURIDAD CIUDADANA Y CIENCIAS POLICIALES - USECIPOL,PUBLICA,Matriz,Universidades y Escuelas Politécnicas,780919.470840,9992797.350260,"170177",POMASQUI,"1701",DISTRITO METROPOLITANO DE QUITO,"17",PICHINCHA,"2023",PARROQUIA RURAL,HA004,,"17D03",9.000000,-78.47626800000,-0.06510100001
3069.000000,UNIVERSIDAD PUBLICA DE SANTO DOMINGO DE LOS TSACHILAS,PUBLICA,Matriz,Universidades y Escuelas Politécnicas,702748.027321,9971935.513300,"230102",BOMBOLÍ,"2301",SANTO DOMINGO,"23",SANTO DOMINGO DE LOS TSÁCHILAS,"2023",PARROQUIA URBANA,HA004,"230150","23D02",4.000000,-79.17824600000,-0.25377900000
1002.000000,ESCUELA SUPERIOR POLITECNICA DE CHIMBORAZO,PUBLICA,SEDE,Universidades y Escuelas Politécnicas,821042.914510,9746419.984850,"140150",MACAS,"1401",MORONA,"14",MORONA SANTIAGO,"2023",CABECERA CANTONAL,HA004,,"14D01",6.000000,-78.11380100000,-2.29127899998
1002.000000,ESCUELA SUPERIOR POLITECNICA DE CHIMBORAZO,PUBLICA,SEDE,Universidades y Escuelas Politécnicas,945387.798760,9951150.850630,"220150",EL COCA (PUERTO FRANCISCO DE ORELLANA),"2201",FRANCISCO DE ORELLANA,"22",ORELLANA,"2023",CABECERA CANTONAL,HA004,,"22D02",2.000000,-77.00056800000,-0.44086999997
1003.000000,ESCUELA SUPERIOR POLITECNICA AGROPECUARIA DE MANABI MANUEL FELIX LOPEZ - ESPAM MFL,PUBLICA,CAMPUS,Universidades y Escuelas Politécnicas,-455786.136382,9898429.545210,"200151",EL PROGRESO,"2001",SAN CRISTÓBAL,"20",GALÁPAGOS,"2023",PARROQUIA RURAL,HA004,,"20D01",5.000000,-89.55827700000,-0.90863900000
1003.000000,ESCUELA SUPERIOR POLITECNICA AGROPECUARIA DE MANABI MANUEL FELIX LOPEZ - ESPAM MFL,PUBLICA,SEDE,Universidades y Escuelas Politécnicas,-455786.136382,9898429.545210,"200151",EL PROGRESO,"2001",SAN CRISTÓBAL,"20",GALÁPAGOS,"2023",PARROQUIA RURAL,HA004,,"20D01",5.000000,-89.55827700000,-0.90863900000
1006.000000,UNIVERSIDAD DE GUAYAQUIL,PUBLICA,CENTRO DE APOYO,Universidades y Escuelas Politécnicas,637488.921349,9827516.073580,"120850",VINCES,"1208",VINCES,"12",LOS RÍOS,"2023",CABECERA CANTONAL,HA004,"120850","12D05",5.000000,-79.76406300000,-1.56014700001
1006.000000,UNIVERSIDAD DE GUAYAQUIL,PUBLICA,CENTRO DE APOYO,Universidades y Escuelas Politécnicas,779955.074008,9977337.046160,"170123",MARISCAL SUCRE,"1701",DISTRITO METROPOLITANO DE QUITO,"17",PICHINCHA,"2023",PARROQUIA URBANA,HA004,"170150","17D05",9.000000,-78.48491200000,-0.20483999996
1006.000000,UNIVERSIDAD DE GUAYAQUIL,PUBLICA,SEDE,Universidades y Escuelas Politécnicas,637490.579468,9827497.720180,"120850",VINCES,"1208",VINCES,"12",LOS RÍOS,"2023",CABECERA CANTONAL,HA004,"120850","12D05",5.000000,-79.76404800000,-1.56031300003
1009.000000,UNIVERSIDAD TECNICA DE MANABI,PUBLICA,EXTENSION,Universidades y Escuelas Politécnicas,597489.644574,9924067.717220,"130301",CHONE,"1303",CHONE,"13",MANABÍ,"2023",PARROQUIA URBANA,HA004,"130350","13D07",4.000000,-80.12385700000,-0.68690200002
1009.000000,UNIVERSIDAD TECNICA DE MANABI,PUBLICA,EXTENSION,Universidades y Escuelas Politécnicas,567799.195854,9870623.556320,"131302",LODANA,"1313",SANTA ANA,"13",MANABÍ,"2023",PARROQUIA URBANA,HA004,"131350","13D04",4.000000,-80.39059100000,-1.17044100000
1009.000000,UNIVERSIDAD TECNICA DE MANABI,PUBLICA,EXTENSION,Universidades y Escuelas Politécnicas,564087.964338,9931557.834970,"131401",BAHÍA DE CARÁQUEZ,"1314",SUCRE,"13",MANABÍ,"2023",PARROQUIA URBANA,HA004,"131450","13D11",4.000000,-80.42403400000,-0.61918600002
1009.000000,UNIVERSIDAD TECNICA DE MANABI,PUBLICA,CENTRO DE APOYO,Universidades y Escuelas Politécnicas,777385.591178,9976458.670860,"170130",SAN JUAN,"1701",DISTRITO METROPOLITANO DE QUITO,"17",PICHINCHA,"2023",PARROQUIA URBANA,HA004,"170150","17D04",9.000000,-78.50798000000,-0.21278300004
1009.000000,UNIVERSIDAD TECNICA DE MANABI,PUBLICA,CAMPUS,Universidades y Escuelas Politécnicas,777500.333828,9975905.917440,"170103",CENTRO HISTÓRICO,"1701",DISTRITO METROPOLITANO DE QUITO,"17",PICHINCHA,"2023",PARROQUIA URBANA,HA004,"170150","17D04",9.000000,-78.50694900000,-0.21777899997
1011.000000,UNIVERSIDAD TECNICA DE MACHALA,PUBLICA,CAMPUS,Universidades y Escuelas Politécnicas,604262.740439,9607156.792680,"070250",ARENILLAS,"0702",ARENILLAS,"07",EL ORO,"2023",CABECERA CANTONAL,HA004,,"07D05",7.000000,-80.06126600000,-3.55365100003
1011.000000,UNIVERSIDAD TECNICA DE MACHALA,PUBLICA,CAMPUS,Universidades y Escuelas Politécnicas,616467.588050,9639122.892150,"070101",LA PROVIDENCIA,"0701",MACHALA,"07",EL ORO,"2023",PARROQUIA URBANA,HA004,"070150","07D02",7.000000,-79.95170400000,-3.26438400000
1011.000000,UNIVERSIDAD TECNICA DE MACHALA,PUBLICA,CAMPUS,Universidades y Escuelas Politécnicas,646959.524099,9592475.695230,"071001",LA MATRIZ,"0710",PIÑAS,"07",EL ORO,"2023",PARROQUIA URBANA,HA004,"071050","07D04",7.000000,-79.67671000000,-3.68596200000
1012.000000,UNIVERSIDAD TECNICA LUIS VARGAS TORRES,PUBLICA,SEDE,Universidades y Escuelas Politécnicas,677364.485920,9997957.825270,"230250",LA CONCORDIA,"2302",LA CONCORDIA,"23",SANTO DOMINGO DE LOS TSÁCHILAS,"2023",CABECERA CANTONAL,HA004,,"23D03",4.000000,-79.40627700000,-0.01846900004
1012.000000,UNIVERSIDAD TECNICA LUIS VARGAS TORRES,PUBLICA,CAMPUS,Universidades y Escuelas Politécnicas,628014.207170,10096069.073000,"080650",ATACAMES,"0806",ATACAMES,"08",ESMERALDAS,"2023",CABECERA CANTONAL,HA004,,"08D03",1.000000,-79.84951500000,0.86899000029
1012.000000,UNIVERSIDAD TECNICA LUIS VARGAS TORRES,PUBLICA,CAMPUS,Universidades y Escuelas Politécnicas,670004.477510,10036299.564100,"080450",ROSA ZÁRATE,"0804",QUININDÉ,"08",ESMERALDAS,"2023",CABECERA CANTONAL,HA004,,"08D04",1.000000,-79.47237000000,0.32829600014
1012.000000,UNIVERSIDAD TECNICA LUIS VARGAS TORRES,PUBLICA,CAMPUS,Universidades y Escuelas Politécnicas,741027.874999,10142163.754300,"080550",SAN LORENZO,"0805",SAN LORENZO,"08",ESMERALDAS,"2023",CABECERA CANTONAL,HA004,,"08D05",1.000000,-78.83392100000,1.28527300023
1013.000000,UNIVERSIDAD TECNICA DE BABAHOYO,PUBLICA,EXTENSION,Universidades y Escuelas Politécnicas,673232.534728,9888920.461560,"120506",SAN CRISTÓBAL,"1205",QUEVEDO,"12",LOS RÍOS,"2023",PARROQUIA URBANA,HA004,"120550","12D03",5.000000,-79.44315800000,-1.00459699999
1016.000000,UNIVERSIDAD LAICA ELOY ALFARO DE MANABI,PUBLICA,EXTENSION,Universidades y Escuelas Politécnicas,600029.867279,9923017.299420,"130301",CHONE,"1303",CHONE,"13",MANABÍ,"2023",PARROQUIA URBANA,HA004,"130350","13D07",4.000000,-80.10102800000,-0.69640000001
1016.000000,UNIVERSIDAD LAICA ELOY ALFARO DE MANABI,PUBLICA,EXTENSION,Universidades y Escuelas Politécnicas,670958.858151,9969042.262220,"130401",EL CARMEN,"1304",EL CARMEN,"13",MANABÍ,"2023",PARROQUIA URBANA,HA004,"130450","13D05",4.000000,-79.46380300000,-0.27998300001
1016.000000,UNIVERSIDAD LAICA ELOY ALFARO DE MANABI,PUBLICA,EXTENSION,Universidades y Escuelas Politécnicas,606706.492604,10007991.785900,"131750",PEDERNALES,"1317",PEDERNALES,"13",MANABÍ,"2023",CABECERA CANTONAL,HA004,,"13D10",4.000000,-80.04110000000,0.07229399971
1016.000000,UNIVERSIDAD LAICA ELOY ALFARO DE MANABI,PUBLICA,EXTENSION,Universidades y Escuelas Politécnicas,563945.031603,9931036.563770,"131402",LEONIDAS PLAZA GUTIÉRREZ,"1314",SUCRE,"13",MANABÍ,"2023",PARROQUIA URBANA,HA004,"131450","13D11",4.000000,-80.42531800000,-0.62390200002
1016.000000,UNIVERSIDAD LAICA ELOY ALFARO DE MANABI,PUBLICA,CAMPUS,Universidades y Escuelas Politécnicas,584941.079029,9918554.250650,"131550",TOSAGUA,"1315",TOSAGUA,"13",MANABÍ,"2023",CABECERA CANTONAL,HA004,,"13D12",4.000000,-80.23661600000,-0.73679900000
1016.000000,UNIVERSIDAD LAICA ELOY ALFARO DE MANABI,PUBLICA,CAMPUS,Universidades y Escuelas Politécnicas,621771.959581,9955259.162960,"130550",FLAVIO ALFARO,"1305",FLAVIO ALFARO,"13",MANABÍ,"2023",CABECERA CANTONAL,HA004,,"13D07",4.000000,-79.90570600000,-0.40471000004
1016.000000,UNIVERSIDAD LAICA ELOY ALFARO DE MANABI,PUBLICA,CAMPUS,Universidades y Escuelas Politécnicas,606706.492604,10007991.785900,"131750",PEDERNALES,"1317",PEDERNALES,"13",MANABÍ,"2023",CABECERA CANTONAL,HA004,,"13D10",4.000000,-80.04110000000,0.07229399971
1016.000000,UNIVERSIDAD LAICA ELOY ALFARO DE MANABI,PUBLICA,CAMPUS,Universidades y Escuelas Politécnicas,537790.129814,9883949.668900,"130902",MONTECRISTI,"1309",MONTECRISTI,"13",MANABÍ,"2023",PARROQUIA URBANA,HA004,"130950","13D02",4.000000,-80.66033500000,-1.04992400003
1016.000000,UNIVERSIDAD LAICA ELOY ALFARO DE MANABI,PUBLICA,SEDE,Universidades y Escuelas Politécnicas,704999.478572,9972736.954420,"230107",ZARACAY,"2301",SANTO DOMINGO,"23",SANTO DOMINGO DE LOS TSÁCHILAS,"2023",PARROQUIA URBANA,HA004,"230150","23D01",4.000000,-79.15802400000,-0.24652900001
1016.000000,UNIVERSIDAD LAICA ELOY ALFARO DE MANABI,PUBLICA,CAMPUS,Universidades y Escuelas Politécnicas,630527.300723,9884545.560630,"131150",PICHINCHA,"1311",PICHINCHA,"13",MANABÍ,"2023",CABECERA CANTONAL,HA004,,"13D08",4.000000,-79.82687300000,-1.04433100002
1016.000000,UNIVERSIDAD LAICA ELOY ALFARO DE MANABI,PUBLICA,CAMPUS,Universidades y Escuelas Politécnicas,568094.150784,9870157.026550,"131302",LODANA,"1313",SANTA ANA,"13",MANABÍ,"2023",PARROQUIA URBANA,HA004,"131350","13D04",4.000000,-80.38793900000,-1.17466099996
1017.000000,UNIVERSIDAD ESTATAL DE BOLIVAR,PUBLICA,EXTENSION,Universidades y Escuelas Politécnicas,718736.143069,9811805.282860,"020550",SAN MIGUEL,"0205",SAN MIGUEL,"02",BOLÍVAR,"2023",CABECERA CANTONAL,HA004,,"02D03",5.000000,-79.03380000000,-1.70164300004
1018.000000,UNIVERSIDAD AGRARIA DEL ECUADOR,PUBLICA,EXTENSION,Universidades y Escuelas Politécnicas,676832.781881,9742342.439350,"090950",EL TRIUNFO,"0909",EL TRIUNFO,"09",GUAYAS,"2023",CABECERA CANTONAL,HA004,,"09D16",5.000000,-79.40974700000,-2.33019300004
1018.000000,UNIVERSIDAD AGRARIA DEL ECUADOR,PUBLICA,EXTENSION,Universidades y Escuelas Politécnicas,657460.078370,9764268.167720,"091001",CAMILO ANDRADE,"0910",MILAGRO,"09",GUAYAS,"2023",PARROQUIA URBANA,HA004,"091050","09D17",5.000000,-79.58411700000,-2.13207500004
1018.000000,UNIVERSIDAD AGRARIA DEL ECUADOR,PUBLICA,EXTENSION,Universidades y Escuelas Politécnicas,654855.895290,9705045.136410,"091150",NARANJAL,"0911",NARANJAL,"09",GUAYAS,"2023",CABECERA CANTONAL,HA004,,"09D12",5.000000,-79.60698700000,-2.66773699997
1018.000000,UNIVERSIDAD AGRARIA DEL ECUADOR,PUBLICA,CAMPUS,Universidades y Escuelas Politécnicas,621413.500764,9849283.272490,"090450",BALZAR,"0904",BALZAR,"09",GUAYAS,"2023",CABECERA CANTONAL,HA004,,"09D13",5.000000,-79.90864700000,-1.36332999997
1018.000000,UNIVERSIDAD AGRARIA DEL ECUADOR,PUBLICA,CAMPUS,Universidades y Escuelas Politécnicas,613966.966448,9821188.409140,"091350",PALESTINA,"0913",PALESTINA,"09",GUAYAS,"2023",CABECERA CANTONAL,HA004,,"09D13",5.000000,-79.97545700000,-1.61749999997
1018.000000,UNIVERSIDAD AGRARIA DEL ECUADOR,PUBLICA,CAMPUS,Universidades y Escuelas Politécnicas,657480.354416,9764302.645540,"091001",CAMILO ANDRADE,"0910",MILAGRO,"09",GUAYAS,"2023",PARROQUIA URBANA,HA004,"091050","09D17",5.000000,-79.58393500000,-2.13176299998
1018.000000,UNIVERSIDAD AGRARIA DEL ECUADOR,PUBLICA,CAMPUS,Universidades y Escuelas Politécnicas,676727.528031,9742312.813530,"090950",EL TRIUNFO,"0909",EL TRIUNFO,"09",GUAYAS,"2023",CABECERA CANTONAL,HA004,,"09D16",5.000000,-79.41069300000,-2.33046200001
1018.000000,UNIVERSIDAD AGRARIA DEL ECUADOR,PUBLICA,CENTRO DE APOYO,Universidades y Escuelas Politécnicas,657492.237795,9764282.511670,"091001",CAMILO ANDRADE,"0910",MILAGRO,"09",GUAYAS,"2023",PARROQUIA URBANA,HA004,"091050","09D17",5.000000,-79.58382800000,-2.13194500004
1018.000000,UNIVERSIDAD AGRARIA DEL ECUADOR,PUBLICA,CENTRO DE APOYO,Universidades y Escuelas Politécnicas,621402.816216,9849276.202070,"090450",BALZAR,"0904",BALZAR,"09",GUAYAS,"2023",CABECERA CANTONAL,HA004,,"09D13",5.000000,-79.90874300000,-1.36339400004
1018.000000,UNIVERSIDAD AGRARIA DEL ECUADOR,PUBLICA,CAMPUS,Universidades y Escuelas Politécnicas,675187.630143,9847302.335040,"120752",ZAPOTAL,"1207",VENTANAS,"12",LOS RÍOS,"2023",PARROQUIA RURAL,HA004,,"12D04",5.000000,-79.42537800000,-1.38097599997
1018.000000,UNIVERSIDAD AGRARIA DEL ECUADOR,PUBLICA,CAMPUS,Universidades y Escuelas Politécnicas,638615.778275,9841644.166920,"120950",PALENQUE,"1209",PALENQUE,"12",LOS RÍOS,"2023",CABECERA CANTONAL,HA004,,"12D05",5.000000,-79.75400700000,-1.43235099996
1019.000000,UNIVERSIDAD NACIONAL DE CHIMBORAZO,PUBLICA,SEDE,Universidades y Escuelas Politécnicas,762396.898987,9814181.015490,"060104",VELOZ,"0601",RIOBAMBA,"06",CHIMBORAZO,"2023",PARROQUIA URBANA,HA004,"060150","06D01",3.000000,-78.64156800000,-1.67972499997
1020.000000,UNIVERSIDAD TECNICA DE COTOPAXI,PUBLICA,EXTENSION,Universidades y Escuelas Politécnicas,756357.652588,9893989.858740,"050450",PUJILÍ,"0504",PUJILÍ,"05",COTOPAXI,"2023",CABECERA CANTONAL,HA004,,"05D04",3.000000,-78.69648300000,-0.95832599998
1020.000000,UNIVERSIDAD TECNICA DE COTOPAXI,PUBLICA,EXTENSION,Universidades y Escuelas Politécnicas,696120.834655,9895465.965770,"050203",EL TRIUNFO,"0502",LA MANÁ,"05",COTOPAXI,"2023",PARROQUIA URBANA,HA004,"050250","05D02",3.000000,-79.23755300000,-0.94530099997
1020.000000,UNIVERSIDAD TECNICA DE COTOPAXI,PUBLICA,CAMPUS,Universidades y Escuelas Politécnicas,768487.953753,9885795.172730,"050550",SAN MIGUEL,"0505",SALCEDO,"05",COTOPAXI,"2023",CABECERA CANTONAL,HA004,,"05D06",3.000000,-78.58749500000,-1.03232400002
1023.000000,UNIVERSIDAD ESTATAL PENINSULA DE SANTA ELENA,PUBLICA,SEDE,Universidades y Escuelas Politécnicas,567266.162700,9709032.285470,"092150",GENERAL VILLAMIL,"0921",PLAYAS,"09",GUAYAS,"2023",CABECERA CANTONAL,HA004,,"09D22",5.000000,-80.39487300000,-2.63231000003
1024.000000,UNIVERSIDAD ESTATAL DE MILAGRO,PUBLICA,CENTRO DE APOYO,Universidades y Escuelas Politécnicas,704954.472006,9972531.710120,"230107",ZARACAY,"2301",SANTO DOMINGO,"23",SANTO DOMINGO DE LOS TSÁCHILAS,"2023",PARROQUIA URBANA,HA004,"230150","23D01",4.000000,-79.15842800000,-0.24838499999
1024.000000,UNIVERSIDAD ESTATAL DE MILAGRO,PUBLICA,EXTENSION,Universidades y Escuelas Politécnicas,613528.793810,9793919.021830,"090650",DAULE,"0906",DAULE,"09",GUAYAS,"2023",CABECERA CANTONAL,HA004,"090650","09D19",5.000000,-79.97926300000,-1.86417499996
1025.000000,UNIVERSIDAD ESTATAL DEL SUR DE MANABI,PUBLICA,CAMPUS,Universidades y Escuelas Politécnicas,565580.945545,9813082.305280,"131052",CASCOL,"1310",PAJÁN,"13",MANABÍ,"2023",PARROQUIA RURAL,HA004,,"13D09",4.000000,-80.41039600000,-1.69100799998
1025.000000,UNIVERSIDAD ESTATAL DEL SUR DE MANABI,PUBLICA,CAMPUS,Universidades y Escuelas Politécnicas,567377.633029,9936149.149720,"132250",SAN VICENTE,"1322",SAN VICENTE,"13",MANABÍ,"2023",CABECERA CANTONAL,HA004,,"13D11",4.000000,-80.39447500000,-0.57764599998
1025.000000,UNIVERSIDAD ESTATAL DEL SUR DE MANABI,PUBLICA,CAMPUS,Universidades y Escuelas Politécnicas,569837.202937,9866598.226250,"131301",SANTA ANA,"1313",SANTA ANA,"13",MANABÍ,"2023",PARROQUIA URBANA,HA004,"131350","13D04",4.000000,-80.37226500000,-1.20685300002
1027.000000,PONTIFICIA UNIVERSIDAD CATOLICA DEL ECUADOR,PARTICULAR COFINANCIADA,SEDE,Universidades y Escuelas Politécnicas,649454.977833,10107366.520400,"080103",ESMERALDAS,"0801",ESMERALDAS,"08",ESMERALDAS,"2023",PARROQUIA URBANA,HA004,"080150","08D01",1.000000,-79.65681800000,0.97110900024
1027.000000,PONTIFICIA UNIVERSIDAD CATOLICA DEL ECUADOR,PARTICULAR COFINANCIADA,SEDE,Universidades y Escuelas Politécnicas,822037.663529,10038482.772600,"100104",SAN FRANCISCO,"1001",IBARRA,"10",IMBABURA,"2023",PARROQUIA URBANA,HA004,"100150","10D01",1.000000,-78.10711400000,0.34771900001
1027.000000,PONTIFICIA UNIVERSIDAD CATOLICA DEL ECUADOR,PARTICULAR COFINANCIADA,EXTENSION,Universidades y Escuelas Politécnicas,606137.049254,9936589.993880,"130356",RICAURTE,"1303",CHONE,"13",MANABÍ,"2023",PARROQUIA RURAL,HA004,,"13D07",4.000000,-80.04617000000,-0.57361000000
1027.000000,PONTIFICIA UNIVERSIDAD CATOLICA DEL ECUADOR,PARTICULAR COFINANCIADA,SEDE,Universidades y Escuelas Politécnicas,559104.473163,9885208.017740,"130108",18 DE OCTUBRE,"1301",PORTOVIEJO,"13",MANABÍ,"2023",PARROQUIA URBANA,HA004,"130150","13D01",4.000000,-80.46876400000,-1.03851299996
1027.000000,PONTIFICIA UNIVERSIDAD CATOLICA DEL ECUADOR,PARTICULAR COFINANCIADA,EXTENSION,Universidades y Escuelas Politécnicas,567004.954314,9927170.323920,"131402",LEONIDAS PLAZA GUTIÉRREZ,"1314",SUCRE,"13",MANABÍ,"2023",PARROQUIA URBANA,HA004,"131450","13D11",4.000000,-80.39781500000,-0.65887599997
1027.000000,PONTIFICIA UNIVERSIDAD CATOLICA DEL ECUADOR,PARTICULAR COFINANCIADA,SEDE,Universidades y Escuelas Politécnicas,701282.874790,9971593.346170,"230101",ABRAHAM CALAZACÓN,"2301",SANTO DOMINGO,"23",SANTO DOMINGO DE LOS TSÁCHILAS,"2023",PARROQUIA URBANA,HA004,"230150","23D02",4.000000,-79.19140600000,-0.25687499997
1027.000000,PONTIFICIA UNIVERSIDAD CATOLICA DEL ECUADOR,PARTICULAR COFINANCIADA,SEDE,Universidades y Escuelas Politécnicas,947834.690055,10025944.695000,"210160",10 DE AGOSTO,"2101",LAGO AGRIO,"21",SUCUMBÍOS,"2023",PARROQUIA RURAL,HA004,,"21D02",1.000000,-76.97871700000,0.23414799988
1027.000000,PONTIFICIA UNIVERSIDAD CATOLICA DEL ECUADOR,PARTICULAR COFINANCIADA,SEDE,Universidades y Escuelas Politécnicas,762775.687291,9859076.872210,"180103",HUACHI CHICO,"1801",AMBATO,"18",TUNGURAHUA,"2023",PARROQUIA URBANA,HA004,"180150","18D02",3.000000,-78.63859400000,-1.27388399997
1027.000000,PONTIFICIA UNIVERSIDAD CATOLICA DEL ECUADOR,PARTICULAR COFINANCIADA,CAMPUS,Universidades y Escuelas Politécnicas,741470.629364,10141895.236200,"080550",SAN LORENZO,"0805",SAN LORENZO,"08",ESMERALDAS,"2023",CABECERA CANTONAL,HA004,,"08D05",1.000000,-78.82994600000,1.28284199985
1027.000000,PONTIFICIA UNIVERSIDAD CATOLICA DEL ECUADOR,PARTICULAR COFINANCIADA,CAMPUS,Universidades y Escuelas Politécnicas,670004.477510,10036299.564100,"080450",ROSA ZÁRATE,"0804",QUININDÉ,"08",ESMERALDAS,"2023",CABECERA CANTONAL,HA004,,"08D04",1.000000,-79.47237000000,0.32829600014
1027.000000,PONTIFICIA UNIVERSIDAD CATOLICA DEL ECUADOR,PARTICULAR COFINANCIADA,CAMPUS,Universidades y Escuelas Politécnicas,526811.095909,9892999.781410,"130802",MANTA,"1308",MANTA,"13",MANABÍ,"2023",PARROQUIA URBANA,HA004,"130850","13D02",4.000000,-80.75902200000,-0.96805499997
1027.000000,PONTIFICIA UNIVERSIDAD CATOLICA DEL ECUADOR,PARTICULAR COFINANCIADA,CAMPUS,Universidades y Escuelas Politécnicas,779231.013935,9976850.025880,"170123",MARISCAL SUCRE,"1701",DISTRITO METROPOLITANO DE QUITO,"17",PICHINCHA,"2023",PARROQUIA URBANA,HA004,"170150","17D05",9.000000,-78.49141200000,-0.20924299996
1027.000000,PONTIFICIA UNIVERSIDAD CATOLICA DEL ECUADOR,PARTICULAR COFINANCIADA,CAMPUS,Universidades y Escuelas Politécnicas,649459.864875,10107390.956300,"080103",ESMERALDAS,"0801",ESMERALDAS,"08",ESMERALDAS,"2023",PARROQUIA URBANA,HA004,"080150","08D01",1.000000,-79.65677400000,0.97133000013
1029.000000,UNIVERSIDAD CATOLICA DE CUENCA,PARTICULAR COFINANCIADA,SEDE,Universidades y Escuelas Politécnicas,739264.407020,9695513.759510,"030102",AZOGUES,"0301",AZOGUES,"03",CAÑAR,"2023",PARROQUIA URBANA,HA004,"030150","03D01",6.000000,-78.84783100000,-2.75280799997
1029.000000,UNIVERSIDAD CATOLICA DE CUENCA,PARTICULAR COFINANCIADA,EXTENSION,Universidades y Escuelas Politécnicas,728982.106711,9717730.986720,"030350",CAÑAR,"0303",CAÑAR,"03",CAÑAR,"2023",CABECERA CANTONAL,HA004,,"03D02",6.000000,-78.94061100000,-2.55210100003
1029.000000,UNIVERSIDAD CATOLICA DE CUENCA,PARTICULAR COFINANCIADA,EXTENSION,Universidades y Escuelas Politécnicas,685378.423774,9730704.505670,"030450",LA TRONCAL,"0304",LA TRONCAL,"03",CAÑAR,"2023",CABECERA CANTONAL,HA004,,"03D03",6.000000,-79.33279100000,-2.43534900004
1029.000000,UNIVERSIDAD CATOLICA DE CUENCA,PARTICULAR COFINANCIADA,SEDE,Universidades y Escuelas Politécnicas,820108.423355,9744158.505550,"140150",MACAS,"1401",MORONA,"14",MORONA SANTIAGO,"2023",CABECERA CANTONAL,HA004,,"14D01",6.000000,-78.12215400000,-2.31173000000
1029.000000,UNIVERSIDAD CATOLICA DE CUENCA,PARTICULAR COFINANCIADA,CENTRO DE APOYO,Universidades y Escuelas Politécnicas,777319.522303,9993605.167310,"170171",NONO,"1701",DISTRITO METROPOLITANO DE QUITO,"17",PICHINCHA,"2023",PARROQUIA RURAL,HA004,,"17D03",9.000000,-78.50858900000,-0.05780099998
1029.000000,UNIVERSIDAD CATOLICA DE CUENCA,PARTICULAR COFINANCIADA,CENTRO DE APOYO,Universidades y Escuelas Politécnicas,854698.115461,9889740.716050,"150150",TENA,"1501",TENA,"15",NAPO,"2023",CABECERA CANTONAL,HA004,,"15D01",2.000000,-77.81359300000,-0.99599699997
1029.000000,UNIVERSIDAD CATOLICA DE CUENCA,PARTICULAR COFINANCIADA,CAMPUS,Universidades y Escuelas Politécnicas,778691.459512,9984131.313920,"170117",LA CONCEPCIÓN,"1701",DISTRITO METROPOLITANO DE QUITO,"17",PICHINCHA,"2023",PARROQUIA URBANA,HA004,"170150","17D05",9.000000,-78.49626500000,-0.14343099996
1029.000000,UNIVERSIDAD CATOLICA DE CUENCA,PARTICULAR COFINANCIADA,CAMPUS,Universidades y Escuelas Politécnicas,747230.741071,9680723.307210,"010350",GUALACEO,"0103",GUALACEO,"01",AZUAY,"2023",CABECERA CANTONAL,HA004,,"01D04",6.000000,-78.77595600000,-2.88638499997
1031.000000,UNIVERSIDAD TECNICA PARTICULAR DE LOJA,PARTICULAR COFINANCIADA,CENTRO DE APOYO,Universidades y Escuelas Politécnicas,763146.590093,9862785.138540,"180101",ATOCHA – FICOA,"1801",AMBATO,"18",TUNGURAHUA,"2023",PARROQUIA URBANA,HA004,"180150","18D01",3.000000,-78.63529300000,-1.24035999996
1031.000000,UNIVERSIDAD TECNICA PARTICULAR DE LOJA,PARTICULAR COFINANCIADA,CENTRO DE APOYO,Universidades y Escuelas Politécnicas,738898.457302,9696804.142610,"030102",AZOGUES,"0301",AZOGUES,"03",CAÑAR,"2023",PARROQUIA URBANA,HA004,"030150","03D01",6.000000,-78.85114200000,-2.74114800000
1031.000000,UNIVERSIDAD TECNICA PARTICULAR DE LOJA,PARTICULAR COFINANCIADA,CENTRO DE APOYO,Universidades y Escuelas Politécnicas,660239.631613,9522142.344950,"110201",CARIAMANGA,"1102",CALVAS,"11",LOJA,"2023",PARROQUIA URBANA,HA004,"110250","11D06",7.000000,-79.55604000000,-4.32186899998
1031.000000,UNIVERSIDAD TECNICA PARTICULAR DE LOJA,PARTICULAR COFINANCIADA,CENTRO DE APOYO,Universidades y Escuelas Politécnicas,728737.178375,9717185.658480,"030350",CAÑAR,"0303",CAÑAR,"03",CAÑAR,"2023",CABECERA CANTONAL,HA004,,"03D02",6.000000,-78.94280500000,-2.55703499997
1031.000000,UNIVERSIDAD TECNICA PARTICULAR DE LOJA,PARTICULAR COFINANCIADA,CENTRO DE APOYO,Universidades y Escuelas Politécnicas,720149.561237,9680177.567690,"010111",SAN SEBASTIÁN,"0101",CUENCA,"01",AZUAY,"2023",PARROQUIA URBANA,HA004,"010150","01D02",6.000000,-79.01946100000,-2.89177199999
1031.000000,UNIVERSIDAD TECNICA PARTICULAR DE LOJA,PARTICULAR COFINANCIADA,CENTRO DE APOYO,Universidades y Escuelas Politécnicas,649800.117417,10107571.748500,"080103",ESMERALDAS,"0801",ESMERALDAS,"08",ESMERALDAS,"2023",PARROQUIA URBANA,HA004,"080150","08D01",1.000000,-79.65371600000,0.97296399991
1031.000000,UNIVERSIDAD TECNICA PARTICULAR DE LOJA,PARTICULAR COFINANCIADA,CENTRO DE APOYO,Universidades y Escuelas Politécnicas,722280.756829,9823940.727150,"020101",ÁNGEL POLIBIO CHÁVES,"0201",GUARANDA,"02",BOLÍVAR,"2023",PARROQUIA URBANA,HA004,"020150","02D01",5.000000,-79.00206000000,-1.59188500001
1031.000000,UNIVERSIDAD TECNICA PARTICULAR DE LOJA,PARTICULAR COFINANCIADA,CENTRO DE APOYO,Universidades y Escuelas Politécnicas,622549.757403,9759581.106170,"090112",TARQUI,"0901",GUAYAQUIL,"09",GUAYAS,"2023",PARROQUIA URBANA,HA004,"090150","09D05",8.000000,-79.89795600000,-2.17473000004
1031.000000,UNIVERSIDAD TECNICA PARTICULAR DE LOJA,PARTICULAR COFINANCIADA,CENTRO DE APOYO,Universidades y Escuelas Politécnicas,820360.524334,10039586.420200,"100103",SAGRARIO,"1001",IBARRA,"10",IMBABURA,"2023",PARROQUIA URBANA,HA004,"100150","10D01",1.000000,-78.12216400000,0.35769600020
1031.000000,UNIVERSIDAD TECNICA PARTICULAR DE LOJA,PARTICULAR COFINANCIADA,CENTRO DE APOYO,Universidades y Escuelas Politécnicas,957883.087455,10010749.706300,"210150",NUEVA LOJA,"2101",LAGO AGRIO,"21",SUCUMBÍOS,"2023",CABECERA CANTONAL,HA004,,"21D02",1.000000,-76.88867100000,0.09700399971
1031.000000,UNIVERSIDAD TECNICA PARTICULAR DE LOJA,PARTICULAR COFINANCIADA,CENTRO DE APOYO,Universidades y Escuelas Politécnicas,765315.394432,9896308.437050,"050104",LA MATRIZ,"0501",LATACUNGA,"05",COTOPAXI,"2023",PARROQUIA URBANA,HA004,"050150","05D01",3.000000,-78.61605300000,-0.93731200000
1031.000000,UNIVERSIDAD TECNICA PARTICULAR DE LOJA,PARTICULAR COFINANCIADA,CENTRO DE APOYO,Universidades y Escuelas Politécnicas,699915.134641,9559125.491370,"110104",VALLE,"1101",LOJA,"11",LOJA,"2023",PARROQUIA URBANA,HA004,"110150","11D01",7.000000,-79.19938000000,-3.98668900000
1031.000000,UNIVERSIDAD TECNICA PARTICULAR DE LOJA,PARTICULAR COFINANCIADA,CENTRO DE APOYO,Universidades y Escuelas Politécnicas,613753.283097,9640421.128730,"070150",MACHALA,"0701",MACHALA,"07",EL ORO,"2023",CABECERA CANTONAL,HA004,"070150","07D02",7.000000,-79.97614400000,-3.25266599997
1031.000000,UNIVERSIDAD TECNICA PARTICULAR DE LOJA,PARTICULAR COFINANCIADA,CENTRO DE APOYO,Universidades y Escuelas Politécnicas,529582.036312,9895916.502000,"130802",MANTA,"1308",MANTA,"13",MANABÍ,"2023",PARROQUIA URBANA,HA004,"130850","13D02",4.000000,-80.73411900000,-0.94166500003
1031.000000,UNIVERSIDAD TECNICA PARTICULAR DE LOJA,PARTICULAR COFINANCIADA,CENTRO DE APOYO,Universidades y Escuelas Politécnicas,820658.822921,9744158.937940,"140150",MACAS,"1401",MORONA,"14",MORONA SANTIAGO,"2023",CABECERA CANTONAL,HA004,,"14D01",6.000000,-78.11721000000,-2.31171599998
1031.000000,UNIVERSIDAD TECNICA PARTICULAR DE LOJA,PARTICULAR COFINANCIADA,CENTRO DE APOYO,Universidades y Escuelas Politécnicas,944911.374368,9961048.199420,"220159",NUEVO PARAÍSO,"2201",FRANCISCO DE ORELLANA,"22",ORELLANA,"2023",PARROQUIA RURAL,HA004,,"22D02",2.000000,-77.00488200000,-0.35154700003
1031.000000,UNIVERSIDAD TECNICA PARTICULAR DE LOJA,PARTICULAR COFINANCIADA,CENTRO DE APOYO,Universidades y Escuelas Politécnicas,831909.587156,9842382.435740,"160155",FÁTIMA,"1601",PASTAZA,"16",PASTAZA,"2023",PARROQUIA RURAL,HA004,,"16D01",3.000000,-78.01765200000,-1.42406900003
1031.000000,UNIVERSIDAD TECNICA PARTICULAR DE LOJA,PARTICULAR COFINANCIADA,CENTRO DE APOYO,Universidades y Escuelas Politécnicas,558093.417601,9891299.107520,"130104",PICOAZÁ,"1301",PORTOVIEJO,"13",MANABÍ,"2023",PARROQUIA URBANA,HA004,"130150","13D01",4.000000,-80.47786000000,-0.98340900001
1031.000000,UNIVERSIDAD TECNICA PARTICULAR DE LOJA,PARTICULAR COFINANCIADA,CENTRO DE APOYO,Universidades y Escuelas Politécnicas,670393.530791,9894029.479720,"120550",QUEVEDO,"1205",QUEVEDO,"12",LOS RÍOS,"2023",CABECERA CANTONAL,HA004,"120550","12D03",5.000000,-79.46868700000,-0.95840300000
1031.000000,UNIVERSIDAD TECNICA PARTICULAR DE LOJA,PARTICULAR COFINANCIADA,CENTRO DE APOYO,Universidades y Escuelas Politécnicas,780184.136681,9978458.653460,"170112",IÑAQUITO,"1701",DISTRITO METROPOLITANO DE QUITO,"17",PICHINCHA,"2023",PARROQUIA URBANA,HA004,"170150","17D05",9.000000,-78.48285700000,-0.19470199997
1031.000000,UNIVERSIDAD TECNICA PARTICULAR DE LOJA,PARTICULAR COFINANCIADA,CENTRO DE APOYO,Universidades y Escuelas Politécnicas,759654.783817,9816486.159560,"060101",LIZARZABURU,"0601",RIOBAMBA,"06",CHIMBORAZO,"2023",PARROQUIA URBANA,HA004,"060150","06D01",3.000000,-78.66622500000,-1.65891699999
1031.000000,UNIVERSIDAD TECNICA PARTICULAR DE LOJA,PARTICULAR COFINANCIADA,CENTRO DE APOYO,Universidades y Escuelas Politécnicas,506070.865089,9754705.846520,"240304",SANTA ROSA,"2403",SALINAS,"24",SANTA ELENA,"2023",PARROQUIA URBANA,HA004,"240350","24D02",5.000000,-80.94540200000,-2.21924100002
1031.000000,UNIVERSIDAD TECNICA PARTICULAR DE LOJA,PARTICULAR COFINANCIADA,CENTRO DE APOYO,Universidades y Escuelas Politécnicas,-461696.212864,9899081.157980,"200150",PUERTO BAQUERIZO MORENO,"2001",SAN CRISTÓBAL,"20",GALÁPAGOS,"2023",CABECERA CANTONAL,HA004,,"20D01",5.000000,-89.61078300000,-0.90268399998
1031.000000,UNIVERSIDAD TECNICA PARTICULAR DE LOJA,PARTICULAR COFINANCIADA,CENTRO DE APOYO,Universidades y Escuelas Politécnicas,-540814.366837,9917283.192400,"200350",PUERTO AYORA,"2003",SANTA CRUZ,"20",GALÁPAGOS,"2023",CABECERA CANTONAL,HA004,,"20D01",5.000000,-90.31276200000,-0.73843500001
1031.000000,UNIVERSIDAD TECNICA PARTICULAR DE LOJA,PARTICULAR COFINANCIADA,CENTRO DE APOYO,Universidades y Escuelas Politécnicas,702939.632984,9971976.182110,"230102",BOMBOLÍ,"2301",SANTO DOMINGO,"23",SANTO DOMINGO DE LOS TSÁCHILAS,"2023",PARROQUIA URBANA,HA004,"230150","23D02",4.000000,-79.17652500000,-0.25341099997
1031.000000,UNIVERSIDAD TECNICA PARTICULAR DE LOJA,PARTICULAR COFINANCIADA,CENTRO DE APOYO,Universidades y Escuelas Politécnicas,854215.248585,9890398.975550,"150150",TENA,"1501",TENA,"15",NAPO,"2023",CABECERA CANTONAL,HA004,,"15D01",2.000000,-77.81793200000,-0.99005500004
1031.000000,UNIVERSIDAD TECNICA PARTICULAR DE LOJA,PARTICULAR COFINANCIADA,CENTRO DE APOYO,Universidades y Escuelas Politécnicas,863713.461892,10088102.351800,"040102",TULCÁN,"0401",TULCÁN,"04",CARCHI,"2023",PARROQUIA URBANA,HA004,"040150","04D01",1.000000,-77.73286900000,0.79578500021
1031.000000,UNIVERSIDAD TECNICA PARTICULAR DE LOJA,PARTICULAR COFINANCIADA,CENTRO DE APOYO,Universidades y Escuelas Politécnicas,727562.237071,9551396.832260,"190101",#N/A,"1901",ZAMORA,"19",ZAMORA CHINCHIPE,"2023",PARROQUIA URBANA,HA004,"190150","19D01",7.000000,-78.95029100000,-4.05597999997
1031.000000,UNIVERSIDAD TECNICA PARTICULAR DE LOJA,PARTICULAR COFINANCIADA,CENTRO DE APOYO,Universidades y Escuelas Politécnicas,622550.219199,9759451.980830,"090112",TARQUI,"0901",GUAYAQUIL,"09",GUAYAS,"2023",PARROQUIA URBANA,HA004,"090150","09D05",8.000000,-79.89795100000,-2.17589800000
1031.000000,UNIVERSIDAD TECNICA PARTICULAR DE LOJA,PARTICULAR COFINANCIADA,CENTRO DE APOYO,Universidades y Escuelas Politécnicas,626404.286995,9763726.879530,"091602",LA PUNTILLA (SATÉLITE),"0916",SAMBORONDÓN,"09",GUAYAS,"2023",PARROQUIA URBANA,HA004,"091650","09D23",8.000000,-79.86332600000,-2.13720400004
1031.000000,UNIVERSIDAD TECNICA PARTICULAR DE LOJA,PARTICULAR COFINANCIADA,CENTRO DE APOYO,Universidades y Escuelas Politécnicas,630772.392701,9757581.372880,"090750",ELOY ALFARO,"0907",DURÁN,"09",GUAYAS,"2023",CABECERA CANTONAL,HA004,"090750","09D24",8.000000,-79.82400900000,-2.19276200000
1031.000000,UNIVERSIDAD TECNICA PARTICULAR DE LOJA,PARTICULAR COFINANCIADA,CENTRO DE APOYO,Universidades y Escuelas Politécnicas,776244.759946,9973397.707960,"170121",LA MAGDALENA,"1701",DISTRITO METROPOLITANO DE QUITO,"17",PICHINCHA,"2023",PARROQUIA URBANA,HA004,"170150","17D06",9.000000,-78.51821800000,-0.24045200004
1031.000000,UNIVERSIDAD TECNICA PARTICULAR DE LOJA,PARTICULAR COFINANCIADA,CENTRO DE APOYO,Universidades y Escuelas Politécnicas,780587.599506,9989941.251340,"170102",CARCELÉN,"1701",DISTRITO METROPOLITANO DE QUITO,"17",PICHINCHA,"2023",PARROQUIA URBANA,HA004,"170150","17D03",9.000000,-78.47924600000,-0.09091600002
1031.000000,UNIVERSIDAD TECNICA PARTICULAR DE LOJA,PARTICULAR COFINANCIADA,CENTRO DE APOYO,Universidades y Escuelas Politécnicas,773570.243425,9968350.472420,"170126",QUITUMBE,"1701",DISTRITO METROPOLITANO DE QUITO,"17",PICHINCHA,"2023",PARROQUIA URBANA,HA004,"170150","17D07",9.000000,-78.54222200000,-0.28607799998
1031.000000,UNIVERSIDAD TECNICA PARTICULAR DE LOJA,PARTICULAR COFINANCIADA,CENTRO DE APOYO,Universidades y Escuelas Politécnicas,788095.551928,9976561.685950,"170184",TUMBACO,"1701",DISTRITO METROPOLITANO DE QUITO,"17",PICHINCHA,"2023",PARROQUIA RURAL,HA004,,"17D09",9.000000,-78.41182700000,-0.21183599997
1031.000000,UNIVERSIDAD TECNICA PARTICULAR DE LOJA,PARTICULAR COFINANCIADA,CENTRO DE APOYO,Universidades y Escuelas Politécnicas,773570.243425,9968350.472420,"170126",QUITUMBE,"1701",DISTRITO METROPOLITANO DE QUITO,"17",PICHINCHA,"2023",PARROQUIA URBANA,HA004,"170150","17D07",9.000000,-78.54222200000,-0.28607799998
1032.000000,UNIVERSIDAD UTE,PARTICULAR COFINANCIADA,SEDE,Universidades y Escuelas Politécnicas,699595.264057,9974308.104280,"230102",BOMBOLÍ,"2301",SANTO DOMINGO,"23",SANTO DOMINGO DE LOS TSÁCHILAS,"2023",PARROQUIA URBANA,HA004,"230150","23D02",4.000000,-79.20656800000,-0.23232799996
1032.000000,UNIVERSIDAD UTE,PARTICULAR COFINANCIADA,SEDE,Universidades y Escuelas Politécnicas,506626.139953,9754245.239190,"240304",SANTA ROSA,"2403",SALINAS,"24",SANTA ELENA,"2023",PARROQUIA URBANA,HA004,"240350","24D02",5.000000,-80.94040800000,-2.22340800004
1032.000000,UNIVERSIDAD UTE,PARTICULAR COFINANCIADA,CAMPUS,Universidades y Escuelas Politécnicas,537500.378710,9885708.711890,"130901",ANÍBAL SAN ANDRÉS,"1309",MONTECRISTI,"13",MANABÍ,"2023",PARROQUIA URBANA,HA004,"130950","13D02",4.000000,-80.66294100000,-1.03401000004
1032.000000,UNIVERSIDAD UTE,PARTICULAR COFINANCIADA,CAMPUS,Universidades y Escuelas Politécnicas,732136.679375,9684693.396870,"010108",MACHÁNGARA,"0101",CUENCA,"01",AZUAY,"2023",PARROQUIA URBANA,HA004,"010150","01D01",6.000000,-78.91174200000,-2.85075000003
1034.000000,UNIVERSIDAD POLITECNICA SALESIANA,PARTICULAR COFINANCIADA,SEDE,Universidades y Escuelas Politécnicas,623788.301440,9754559.115720,"090114",XIMENA,"0901",GUAYAQUIL,"09",GUAYAS,"2023",PARROQUIA URBANA,HA004,"090150","09D01",8.000000,-79.88678600000,-2.22014799999
1034.000000,UNIVERSIDAD POLITECNICA SALESIANA,PARTICULAR COFINANCIADA,EXTENSION,Universidades y Escuelas Politécnicas,817835.616821,10004987.601100,"170250",CAYAMBE,"1702",CAYAMBE,"17",PICHINCHA,"2023",CABECERA CANTONAL,HA004,"170250","17D10",2.000000,-78.14488100000,0.04506800018
1034.000000,UNIVERSIDAD POLITECNICA SALESIANA,PARTICULAR COFINANCIADA,SEDE,Universidades y Escuelas Politécnicas,779634.229920,9976935.815710,"170123",MARISCAL SUCRE,"1701",DISTRITO METROPOLITANO DE QUITO,"17",PICHINCHA,"2023",PARROQUIA URBANA,HA004,"170150","17D05",9.000000,-78.48779200000,-0.20846700003
1034.000000,UNIVERSIDAD POLITECNICA SALESIANA,PARTICULAR COFINANCIADA,CAMPUS,Universidades y Escuelas Politécnicas,820655.463299,9745964.239990,"140150",MACAS,"1401",MORONA,"14",MORONA SANTIAGO,"2023",CABECERA CANTONAL,HA004,,"14D01",6.000000,-78.11727300000,-2.29540400001
